{
  "version": "1",
  "cognitoConfig": {
    "identityPoolName": "amplifycypress01f51299_identitypool_01f51299",
    "allowUnauthenticatedIdentities": false,
    "resourceNameTruncated": "amplif01f51299",
    "userPoolName": "amplifycypress01f51299_userpool_01f51299",
    "autoVerifiedAttributes": [
      "email"
    ],
    "mfaConfiguration": "OFF",
    "mfaTypes": [
      "SMS Text Message"
    ],
    "smsAuthenticationMessage": "Your authentication code is {####}",
    "smsVerificationMessage": "Your verification code is {####}",
    "emailVerificationSubject": "Your verification code",
    "emailVerificationMessage": "Your verification code is {####}",
    "defaultPasswordPolicy": false,
    "passwordPolicyMinLength": 8,
    "passwordPolicyCharacters": [],
    "requiredAttributes": [
      "email"
    ],
    "aliasAttributes": [],
    "userpoolClientGenerateSecret": false,
    "userpoolClientRefreshTokenValidity": 30,
    "userpoolClientWriteAttributes": [
      "email"
    ],
    "userpoolClientReadAttributes": [
      "email"
    ],
    "userpoolClientLambdaRole": "amplif01f51299_userpoolclient_lambda_role",
    "userpoolClientSetAttributes": false,
    "sharedId": "01f51299",
    "resourceName": "amplifycypress01f51299",
    "authSelections": "identityPoolAndUserPool",
    "useDefault": "default",
    "userPoolGroupList": [],
    "serviceName": "Cognito",
    "usernameCaseSensitive": false,
    "useEnabledMfas": true
  }
} 